Gene,Weight
SERPINB2,1.3721815382339002
CLCA1,1.1149385545314172
CCR3,0.5922588823109617
HDC,0.49980237671597955
IL4,-0.45752745164592923
CPA3,0.3461117867551794
MUC5B,0.3242257955689849
MUC5AC,0.25657437607030986
IL13,0.23178586065175
CCL24,0.06732819336880712
POSTN,0.018473569184246325
